fish	barcode	sample	proportion	read count
fish1
	1D+38_28D+41_NONE_NONE_NONE_NONE_NONE_NONE_NONE_NONE
		3.1	0.513	2434
		3.2	0.528	5002
		3.3	0.523	5296
		5.1	0.066	1683
		5.2	0.058	1175
		5.3	0.042	474
		6.1	0.061	1447
		6.2	0.054	1260
		6.3	0.057	1328
		7.1	0.032	277
		7.2	0.061	925
		7.3	0.021	141
		8.1	0.058	1515
		8.2	0.065	1466
		8.3	0.069	1005
		10.1	0.022	920
		10.2	0.018	792
		10.3	0.024	886
		11.1	0.016	674
		11.2	0.015	616
		11.3	0.022	758
		12.1	0.034	771
		12.2	0.050	1233
		12.3	0.036	541
	3D+37_76I+66+TGTCGTGCAGTCGACTCCATGACAGCAGATACTGCTGTCGACTCCATACTGCATGATATCTCTGTCGACTCCATAG_NONE_NONE_NONE_82D+172_82D+172_82D+172_82D+172_NONE
		3.1	0.181	862
		3.2	0.112	1062
		3.3	0.105	1072
		5.1	0.035	911
		5.2	0.027	558
		5.3	0.029	331
		6.1	0.022	532
		6.2	0.016	383
		6.3	0.016	391
		7.1	0.030	261
		7.2	0.026	394
		7.3	0.009	61
		8.1	0.032	856
		8.2	0.025	563
		8.3	0.030	438
		10.1	0.024	1004
		10.2	0.020	871
		10.3	0.023	834
		11.1	0.039	1623
		11.2	0.036	1426
		11.3	0.041	1424
		12.1	0.091	2031
		12.2	0.060	1485
		12.3	0.062	919
	NONE_NONE_NONE_NONE_NONE_NONE_NONE_NONE_NONE_NONE
		3.1	0.058	279
		3.2	0.030	293
		3.3	0.030	311
		4.1	0.015	190
		4.2	0.018	230
		4.3	0.019	238
		5.1	0.005	150
		5.2	0.006	127
		5.3	0.009	108
		9.1	0.216	10931
		9.3	0.303	1398
		12.1	0.006	137
		12.2	0.005	132
	12D+34_12D+60_NONE_NONE_3D+143_84D+169_84D+169_84D+169_84D+169_NONE
		3.1	0.056	268
		3.2	0.057	542
		3.3	0.052	529
		6.1	0.005	118
		6.2	0.005	128
		6.3	0.005	128
		7.1	0.005	45
	1D+38_28D+41_NONE_NONE_NONE_NONE_54D+199_54D+199_54D+199_NONE
		3.1	0.021	104
		3.2	0.024	230
		3.3	0.026	266
		4.1	0.035	438
		4.2	0.069	879
		4.3	0.057	707
		5.1	0.605	15375
		5.2	0.640	12906
		5.3	0.635	7163
		6.1	0.628	14801
		6.2	0.641	14740
		6.3	0.665	15424
		7.1	0.744	6324
		7.2	0.691	10476
		7.3	0.812	5232
		8.1	0.611	15964
		8.2	0.640	14388
		8.3	0.635	9168
		9.1	0.007	378
		9.3	0.335	1544
		10.1	0.680	27600
		10.2	0.677	28351
		10.3	0.677	24147
		11.1	0.653	26817
		11.2	0.663	25598
		11.3	0.665	22572
		12.1	0.570	12690
		12.2	0.530	12992
		12.3	0.614	8997
	12D+34_12D+60_NONE_NONE_NONE_NONE_NONE_NONE_NONE_NONE
		3.1	0.008	40
		3.2	0.023	220
		3.3	0.030	313
	1D+38_28D+41_NONE_NONE_NONE_NONE_NONE_NONE_1D+253_NONE
		3.1	0.006	30
		3.3	0.006	65
		8.1	0.005	149
		12.1	0.006	140
		12.2	0.007	172
		12.3	0.009	138
	3I+38+TAT_8D+57_3D+90_9D+115_8D+143_1D+173_NONE_NONE_1D+253_NONE
		3.1	0.005	28
		3.2	0.013	128
		3.3	0.012	126
		6.1	0.005	132
	40D+18_NONE_NONE_2I+118+TT_1D+145_NONE_NONE_NONE_NONE_NONE
		3.2	0.033	314
		3.3	0.034	350
		9.1	0.011	593
	3D+37_76I+66+TGTCGTGCAGTCGACTCCATGACAGCAGATACTGCTGTCGACTCCATACTGCATGATATCTCTGTCGACTCCATAG_NONE_NONE_3D+143_84D+169_84D+169_84D+169_84D+169_NONE
		3.2	0.006	65
		3.3	0.008	81
	12D+34_12D+60_NONE_NONE_3D+143_NONE_NONE_NONE_NONE_NONE
		3.2	0.005	52
		3.3	0.006	62
	3D+35_3D+64_NONE_81D+119_81D+119_81D+119_81D+119_NONE_1I+254+C_NONE
		4.1	0.598	7436
		4.2	0.584	7395
		4.3	0.600	7437
		5.1	0.006	162
		9.1	0.021	1070
	3D+35_2I+67+CC_9D+90_1I+117+T&6S+109+TACTTC_1D+141&13D+144_11D+169_10D+186&8D+200_16D+227_2D+248&3I+254+TAG_NONE
		4.1	0.051	637
		4.2	0.043	545
		4.3	0.034	422
	14D+36_NONE_NONE_NONE_NONE_NONE_54D+199_54D+199_54D+199_NONE
		4.1	0.042	529
		4.2	0.036	461
		4.3	0.027	342
	NONE_NONE_NONE_NONE_NONE_81D+170_81D+170_81D+170_81D+170_NONE
		4.1	0.024	307
		4.2	0.017	227
		4.3	0.021	262
		5.1	0.005	129
		5.3	0.005	62
		9.1	0.058	2935
	3D+35_12D+60_NONE_55D+118_55D+118_55D+118_1I+199+A_NONE_2D+248_NONE
		4.1	0.024	305
		4.2	0.016	214
		4.3	0.024	307
	3D+35_12D+60_NONE_NONE_55D+146_55D+146_55D+146_NONE_2D+248_NONE
		4.1	0.012	159
		4.2	0.011	143
		4.3	0.011	138
	7D+33_NONE_NONE_NONE_NONE_NONE_76D+192_76D+192_76D+192_NONE
		4.1	0.011	141
		4.2	0.010	139
		4.3	0.008	108
	3D+37_NONE_NONE_2I+119+TC_3I+146+TGT_8D+163_NONE_NONE_2D+252_NONE
		4.1	0.006	83
		4.3	0.008	106
	3D+37_16D+51_5I+91+ATGAT_NONE_1D+145_3D+169_NONE_NONE_12D+242_NONE
		4.1	0.005	67
	NONE_NONE_NONE_NONE_1D+146_81D+170_81D+170_81D+170_81D+170_NONE
		4.2	0.006	78
		9.1	0.009	474
	11I+38+TGGAGTATCAT_3I+65+GCG_NONE_NONE_NONE_82D+173_82D+173_82D+173_82D+173_NONE
		4.2	0.005	74
	7D+36_12D+60_NONE_1I+119+A&5D+121_19D+130_4S+169+CAGA_6D+195_1D+222&1I+229+T_8D+244_NONE
		4.2	0.005	66
		5.1	0.150	3837
		5.2	0.140	2840
		5.3	0.125	1414
		6.1	0.123	2905
		6.2	0.115	2659
		6.3	0.116	2694
		7.1	0.109	929
		7.2	0.114	1736
		7.3	0.094	606
		8.1	0.140	3675
		8.2	0.115	2588
		8.3	0.132	1916
		9.3	0.019	88
		10.1	0.112	4580
		10.2	0.104	4362
		10.3	0.124	4453
		11.1	0.111	4571
		11.2	0.119	4603
		11.3	0.100	3401
		12.1	0.123	2757
		12.2	0.127	3122
		12.3	0.131	1921
	12D+34_12D+60_NONE_NONE_NONE_NONE_54D+199_54D+199_54D+199_NONE
		5.1	0.026	678
		5.2	0.022	460
		5.3	0.023	263
		6.1	0.034	804
		6.2	0.037	856
		6.3	0.031	733
		7.1	0.015	133
		7.2	0.011	171
		7.3	0.008	52
		8.1	0.030	808
		8.2	0.026	603
		8.3	0.027	399
		10.1	0.033	1368
		10.2	0.051	2144
		10.3	0.029	1039
		11.1	0.025	1055
		11.2	0.028	1100
		11.3	0.033	1130
		12.1	0.013	292
		12.2	0.015	382
		12.3	0.015	230
	12D+34_12D+60_NONE_NONE_3D+143_NONE_54D+199_54D+199_54D+199_NONE
		5.1	0.010	272
		5.2	0.006	137
		5.3	0.006	68
		6.1	0.011	276
		6.2	0.013	302
		6.3	0.010	249
		8.1	0.010	282
		8.2	0.008	192
		8.3	0.010	148
		10.1	0.011	456
		10.2	0.020	845
		10.3	0.009	353
		11.1	0.008	329
		11.2	0.010	411
		11.3	0.013	451
	12D+34_12D+60_NONE_1I+119+A&5D+121_19D+130_4S+169+CAGA_6D+195_1D+222&1I+229+T_8D+244_NONE
		5.1	0.007	202
		5.2	0.007	151
		5.3	0.005	64
		6.1	0.008	193
		6.2	0.007	169
		6.3	0.006	145
		8.1	0.010	287
		8.2	0.007	165
		8.3	0.008	128
		10.1	0.007	304
		10.2	0.010	421
		10.3	0.006	238
		11.1	0.005	226
		11.2	0.005	231
		11.3	0.006	227
		12.2	0.005	124
	2I+37+GA_27D+51_NONE_3I+119+CCA_NONE_3D+169_54D+199_54D+199_54D+199_NONE
		5.2	0.008	178
		9.1	0.007	393
	87D+35_87D+35_87D+35_87D+35_NONE_NONE_NONE_NONE_NONE_NONE
		5.3	0.007	89
		9.1	0.013	670
		12.2	0.013	326
	1D+38_28D+41_NONE_NONE_2D+144_NONE_54D+199_54D+199_54D+199_NONE
		6.1	0.012	293
		6.2	0.008	200
		6.3	0.005	124
		7.1	0.011	95
		7.2	0.018	279
		8.1	0.015	406
		8.2	0.009	212
		8.3	0.006	89
		10.1	0.007	308
		10.2	0.007	297
		10.3	0.013	473
		11.1	0.015	651
		11.2	0.013	537
		11.3	0.014	483
		12.1	0.017	389
		12.2	0.009	243
		12.3	0.006	97
	1D+38_28D+41_NONE_NONE_NONE_1D+173_54D+199_54D+199_54D+199_NONE
		6.1	0.008	210
		6.2	0.015	348
		6.3	0.011	264
		10.1	0.006	260
		11.1	0.010	442
		11.2	0.008	311
		11.3	0.005	180
		12.1	0.007	175
		12.3	0.007	108
	1D+38_28D+41_NONE_NONE_6D+138_NONE_54D+199_54D+199_54D+199_NONE
		6.2	0.005	134
	84D+34_84D+34_84D+34_84D+34_NONE_NONE_1I+199+A_NONE_NONE_NONE
		6.3	0.007	176
		9.1	0.006	352
	1D+38_28D+41_NONE_NONE_1D+146_NONE_54D+199_54D+199_54D+199_NONE
		6.3	0.007	163
		8.2	0.008	201
		10.2	0.007	314
	1D+38_28D+41_NONE_NONE_NONE_6D+167_54D+199_54D+199_54D+199_NONE
		7.1	0.009	84
		7.2	0.012	189
		8.1	0.005	140
		10.1	0.010	443
		10.2	0.006	289
		10.3	0.012	434
		11.1	0.005	225
	1D+38_28D+41_NONE_NONE_NONE_3D+172_54D+199_54D+199_54D+199_NONE
		7.1	0.008	69
		7.3	0.008	52
		10.1	0.006	271
		10.3	0.005	193
	1D+38_28D+41_NONE_NONE_NONE_2D+171_54D+199_54D+199_54D+199_NONE
		7.2	0.011	174
		11.3	0.007	271
	6D+32_NONE_NONE_NONE_NONE_NONE_NONE_NONE_1I+254+C_NONE
		7.2	0.005	76
	1D+38_28D+41_NONE_NONE_1D+145_NONE_54D+199_54D+199_54D+199_NONE
		7.3	0.006	43
		12.1	0.005	127
		12.2	0.008	203
	1D+38_28D+41_NONE_NONE_NONE_6D+171_54D+199_54D+199_54D+199_NONE
		7.3	0.006	40
		10.3	0.005	189
		12.2	0.012	312
	84D+37_84D+37_84D+37_84D+37_2D+144_NONE_NONE_NONE_1D+253_NONE
		9.1	0.037	1872
	87D+36_87D+36_87D+36_87D+36_NONE_1D+172_NONE_NONE_NONE_NONE
		9.1	0.036	1822
	82D+36_82D+36_82D+36_82D+36_NONE_NONE_NONE_NONE_NONE_NONE
		9.1	0.017	888
	NONE_NONE_NONE_NONE_NONE_NONE_54D+199_54D+199_54D+199_NONE
		9.1	0.016	823
	12D+34_3D+62_NONE_2D+118_NONE_NONE_54D+199_54D+199_54D+199_NONE
		9.1	0.014	743
	NONE_NONE_3D+90_NONE_NONE_NONE_NONE_NONE_NONE_NONE
		9.1	0.013	681
	54D+36_54D+36_54D+36_NONE_NONE_NONE_6D+195_NONE_NONE_NONE
		9.1	0.012	631
	80D+38_80D+38_80D+38_80D+38_NONE_NONE_NONE_NONE_1I+254+C_NONE
		9.1	0.011	581
	5D+34_NONE_NONE_81D+119_81D+119_81D+119_81D+119_NONE_1D+254_NONE
		9.1	0.008	445
	NONE_54D+65_54D+65_54D+65_NONE_NONE_NONE_NONE_NONE_NONE
		9.1	0.008	427
	NONE_NONE_NONE_NONE_NONE_87D+167_87D+167_87D+167_87D+167_NONE
		9.1	0.007	376
	80D+38_80D+38_80D+38_80D+38_NONE_NONE_NONE_NONE_NONE_NONE
		9.1	0.007	375
	1D+37_NONE_NONE_NONE_NONE_NONE_NONE_NONE_NONE_NONE
		9.1	0.007	373
	NONE_NONE_NONE_NONE_5D+141_81D+170_81D+170_81D+170_81D+170_NONE
		9.1	0.007	372
	3D+35_27D+51_NONE_NONE_NONE_NONE_54D+199_54D+199_54D+199_NONE
		9.1	0.007	356
	1D+37_7D+63_27D+92_27D+92_NONE_NONE_NONE_NONE_NONE_NONE
		9.1	0.006	317
	17I+38+GTACATCGAGTGTATGC_28D+65_28D+65_NONE_NONE_NONE_54D+199_54D+199_54D+199_NONE
		9.1	0.006	316
	5D+37_6D+57&1I+67+G_NONE_NONE_NONE_NONE_NONE_NONE_NONE_NONE
		9.1	0.006	315
	3D+37_39D+60_39D+60_9D+115_NONE_NONE_NONE_NONE_NONE_NONE
		9.1	0.005	299
	NONE_NONE_NONE_NONE_1I+145+A_81D+170_81D+170_81D+170_81D+170_NONE
		9.1	0.005	297
	30D+35_30D+35_NONE_NONE_NONE_NONE_NONE_NONE_NONE_NONE
		9.1	0.005	280
	NONE_2D+62_NONE_NONE_NONE_87D+167_87D+167_87D+167_87D+167_NONE
		9.1	0.005	272
	NONE_NONE_NONE_NONE_33D+138_33D+138_54D+199_54D+199_54D+199_NONE
		9.1	0.005	270
	6D+36_5I+65+GAGCG_NONE_NONE_NONE_NONE_NONE_NONE_NONE_NONE
		9.1	0.005	260
	NONE_NONE_NONE_NONE_NONE_27D+174_27D+174_27D+229_27D+229_NONE
		9.3	0.116	535
	NONE_NONE_NONE_NONE_NONE_27D+174_27D+174_NONE_NONE_NONE
		9.3	0.096	445
	3D+35_NONE_NONE_NONE_NONE_27D+174_27D+174_27D+229_27D+229_NONE
		9.3	0.086	399
	1D+38_28D+41_NONE_NONE_2D+144_1D+172_54D+199_54D+199_54D+199_NONE
		10.1	0.007	299
		10.2	0.006	266
		10.3	0.006	248
		11.2	0.005	198
	1D+38_28D+41_NONE_NONE_NONE_1I+173+C_54D+199_54D+199_54D+199_NONE
		11.1	0.009	383
		11.2	0.006	253
		11.3	0.006	213
	1D+38_28D+41_NONE_NONE_3D+145_NONE_54D+199_54D+199_54D+199_NONE
		11.1	0.008	340
		11.2	0.005	202
	2D+36_81D+61_81D+61_81D+61_81D+61_NONE_NONE_NONE_NONE_NONE
		12.1	0.022	495
		12.2	0.018	448
		12.3	0.016	241
	2I+36+GA_NONE_NONE_15D+111_72D+130_72D+130_72D+130_NONE_3D+251_NONE
		12.1	0.016	364
		12.2	0.007	177
	28D+38_28D+38_NONE_13I+120+GAGAGCATAGACA_NONE_NONE_NONE_NONE_NONE_NONE
		12.1	0.013	296
	7D+36_NONE_NONE_NONE_NONE_NONE_61D+195_61D+195_61D+195_NONE
		12.1	0.006	152
		12.2	0.006	159
	1D+38_28D+41_NONE_NONE_NONE_1D+172_54D+199_54D+199_54D+199_NONE
		12.1	0.006	142
	4D+38_15D+65_NONE_54D+119_54D+119_54D+119_NONE_NONE_NONE_NONE
		12.2	0.016	398
	5D+38_NONE_18D+85_7D+113_NONE_NONE_NONE_NONE_1D+254_NONE
		12.2	0.007	185
	NONE_NONE_NONE_NONE_NONE_NONE_61D+195_61D+195_61D+195_NONE
		12.2	0.005	129
	82D+38_82D+38_82D+38_82D+38_NONE_NONE_NONE_NONE_NONE_NONE
		12.3	0.007	115
	3D+37_76I+66+TGTCGTGCAGTCGACTCCATGACAGCAGATACTGCTGTCGACTCCATACTGCATGATATCTCTGTCGACTCCATAG_NONE_NONE_2D+146_82D+172_82D+172_82D+172_82D+172_NONE
		12.3	0.006	95
	1D+38_28D+41_NONE_NONE_NONE_4D+173_NONE_NONE_NONE_NONE
		12.3	0.005	81
fish5
	NONE_NONE_NONE_NONE_NONE_NONE_NONE_NONE_NONE_NONE
		3.1	0.457	1743
		3.2	0.580	5144
		3.3	0.576	5155
		4.1	0.275	7148
		4.2	0.306	7236
		4.3	0.286	6838
		5.1	0.088	1598
		5.2	0.089	989
		5.3	0.092	1689
		6.1	0.127	3761
		6.2	0.114	3600
		6.3	0.126	4017
		7.1	0.148	5960
		7.2	0.155	5373
		7.3	0.148	5478
		8.1	0.084	1511
		8.2	0.092	1257
		8.3	0.090	2085
		9.1	0.264	11424
		9.2	0.249	10998
		9.3	0.232	9057
		10.1	0.115	2299
		10.2	0.141	2932
		10.3	0.138	3575
		11.1	0.261	7457
		11.2	0.249	14073
		11.3	0.019	484
		12.1	0.337	15576
		12.2	0.309	13483
		12.3	0.311	21991
	1D+38_1D+64_NONE_NONE_NONE_NONE_NONE_NONE_NONE_NONE
		3.1	0.138	527
		3.2	0.089	791
		3.3	0.090	810
		4.1	0.068	1785
		4.2	0.041	977
		4.3	0.041	990
		5.1	0.018	337
		5.2	0.019	212
		5.3	0.014	274
		6.1	0.012	372
		6.2	0.013	437
		6.3	0.015	489
		7.1	0.035	1435
		7.2	0.039	1372
		7.3	0.035	1313
		8.1	0.021	393
		8.2	0.014	203
		8.3	0.016	382
		9.1	0.038	1648
		9.2	0.040	1780
		9.3	0.036	1420
		10.1	0.007	156
		10.2	0.005	119
		10.3	0.006	171
	NONE_2D+62_NONE_NONE_NONE_87D+167_87D+167_87D+167_87D+167_NONE
		3.1	0.055	213
		3.2	0.032	291
		3.3	0.036	325
		4.1	0.265	6894
		4.2	0.208	4934
		4.3	0.206	4924
		5.1	0.364	6586
		5.2	0.408	4487
		5.3	0.368	6753
		6.1	0.325	9608
		6.2	0.351	11076
		6.3	0.344	10925
		7.1	0.273	10949
		7.2	0.289	10002
		7.3	0.267	9843
		8.1	0.359	6461
		8.2	0.366	5004
		8.3	0.342	7877
		9.1	0.132	5714
		9.2	0.134	5924
		9.3	0.139	5431
		10.1	0.275	5481
		10.2	0.279	5778
		10.3	0.256	6647
		11.1	0.091	2609
		11.2	0.074	4189
		11.3	0.126	3217
		12.1	0.121	5636
		12.2	0.132	5753
		12.3	0.130	9204
	54D+36_54D+36_54D+36_NONE_NONE_NONE_NONE_NONE_NONE_NONE
		3.1	0.036	138
		3.2	0.029	257
		3.3	0.029	261
		4.1	0.233	6073
		4.2	0.222	5261
		4.3	0.178	4259
		5.1	0.318	5757
		5.2	0.269	2962
		5.3	0.315	5784
		6.1	0.314	9277
		6.2	0.311	9820
		6.3	0.310	9837
		7.1	0.312	12534
		7.2	0.305	10526
		7.3	0.313	11509
		8.1	0.268	4823
		8.2	0.275	3758
		8.3	0.285	6560
		9.1	0.184	7972
		9.2	0.196	8667
		9.3	0.216	8433
		10.1	0.220	4385
		10.2	0.205	4263
		10.3	0.223	5776
		11.1	0.046	1331
		11.2	0.045	2542
		11.3	0.031	804
		12.1	0.072	3354
		12.2	0.077	3364
		12.3	0.075	5350
	NONE_2D+62_NONE_NONE_NONE_NONE_NONE_NONE_NONE_NONE
		3.1	0.031	121
		3.2	0.037	333
		3.3	0.032	295
		4.3	0.005	143
		5.1	0.011	213
		5.2	0.010	115
		5.3	0.009	178
		6.1	0.015	464
		6.2	0.012	394
		6.3	0.013	435
		7.1	0.011	469
		7.2	0.008	294
		7.3	0.009	358
		8.1	0.005	107
		8.2	0.006	88
		8.3	0.007	181
		9.1	0.007	305
		9.2	0.008	356
		9.3	0.005	216
		10.1	0.005	105
		10.2	0.006	140
		10.3	0.007	201
		12.3	0.007	525
	162D+37_162D+37_162D+37_162D+37_162D+37_162D+37_162D+37_NONE_7D+244_NONE
		3.1	0.014	54
	NONE_NONE_NONE_NONE_108D+142_108D+142_108D+142_108D+142_108D+142_NONE
		3.1	0.010	41
		3.2	0.008	75
		3.3	0.006	56
	1D+38_NONE_NONE_NONE_NONE_6D+167_NONE_NONE_NONE_NONE
		3.1	0.008	31
		3.2	0.023	208
		3.3	0.023	212
		4.1	0.008	212
		4.2	0.016	394
		4.3	0.006	158
		5.1	0.006	117
		5.2	0.007	86
		6.1	0.006	192
		6.2	0.007	231
		6.3	0.007	222
		7.1	0.013	528
		7.2	0.010	379
		7.3	0.013	502
		8.1	0.007	128
		8.2	0.006	82
		8.3	0.008	185
		9.1	0.023	1031
		9.2	0.021	964
		9.3	0.023	910
		10.1	0.016	319
		10.2	0.009	191
		10.3	0.016	424
		11.1	0.009	267
		11.2	0.010	589
		12.1	0.009	461
		12.2	0.011	503
		12.3	0.014	1041
	NONE_NONE_NONE_NONE_NONE_NONE_NONE_NONE_34D+232_NONE
		3.1	0.006	26
	3D+37_NONE_NONE_NONE_NONE_89D+168_89D+168_89D+168_89D+168_NONE
		3.1	0.006	23
	1D+37_NONE_NONE_NONE_NONE_NONE_NONE_NONE_NONE_NONE
		3.2	0.005	48
		3.3	0.007	63
		9.2	0.005	224
	3D+37_NONE_NONE_NONE_NONE_NONE_NONE_NONE_NONE_NONE
		3.3	0.005	45
	5D+33_3D+64_NONE_NONE_1D+146_NONE_54D+199_54D+199_54D+199_NONE
		4.1	0.022	589
		4.2	0.016	385
		4.3	0.012	291
		5.1	0.029	530
		5.2	0.033	369
		5.3	0.026	494
		6.1	0.022	678
		6.2	0.028	888
		6.3	0.025	814
		7.1	0.037	1494
		7.2	0.029	1016
		7.3	0.030	1133
		8.1	0.036	654
		8.2	0.026	357
		8.3	0.034	793
		9.1	0.021	920
		9.2	0.018	836
		9.3	0.019	755
		10.1	0.014	282
		10.2	0.023	491
		10.3	0.020	531
		12.2	0.007	339
	2D+36_81D+61_81D+61_81D+61_81D+61_NONE_NONE_NONE_NONE_NONE
		4.1	0.013	341
		4.2	0.006	142
		4.3	0.012	305
		5.1	0.029	533
		5.2	0.016	176
		5.3	0.032	600
		6.1	0.017	505
		6.2	0.020	661
		6.3	0.017	540
		7.1	0.026	1057
		7.2	0.029	1003
		7.3	0.032	1206
		8.1	0.069	1241
		8.2	0.066	910
		8.3	0.081	1873
		9.1	0.178	7694
		9.2	0.169	7495
		9.3	0.182	7103
		10.1	0.243	4846
		10.2	0.214	4440
		10.3	0.200	5179
		11.1	0.505	14430
		11.2	0.508	28708
		11.3	0.739	18758
		12.1	0.361	16705
		12.2	0.366	15948
		12.3	0.348	24661
	NONE_NONE_NONE_NONE_NONE_82D+172_82D+172_82D+172_82D+172_NONE
		4.1	0.011	297
		4.2	0.012	287
		4.3	0.015	379
		5.1	0.020	378
		5.2	0.023	260
		5.3	0.015	279
		6.1	0.027	810
		6.2	0.021	673
		6.3	0.019	609
		7.1	0.022	887
		7.2	0.023	802
		7.3	0.024	899
		8.1	0.026	483
		8.2	0.025	351
		8.3	0.028	661
		9.1	0.015	653
		9.2	0.018	838
		9.3	0.014	572
		10.1	0.012	256
		10.2	0.010	222
		10.3	0.015	403
	NONE_NONE_NONE_NONE_NONE_81D+170_81D+170_81D+170_81D+170_NONE
		4.1	0.006	164
		4.2	0.011	283
		4.3	0.014	350
		5.1	0.007	141
		5.3	0.006	123
		7.1	0.008	329
		7.2	0.011	402
		7.3	0.008	318
		8.1	0.013	242
		8.2	0.012	167
		8.3	0.011	263
		9.1	0.013	568
		9.2	0.013	579
		9.3	0.017	684
		10.1	0.006	130
		10.2	0.010	225
		10.3	0.009	242
		11.3	0.014	377
	3D+35_3D+64_NONE_81D+119_81D+119_81D+119_81D+119_NONE_1I+254+C_NONE
		4.1	0.005	130
		4.2	0.005	140
		4.3	0.009	222
	NONE_NONE_NONE_NONE_NONE_80D+174_80D+174_80D+174_80D+174_NONE
		4.2	0.008	197
	1D+38_28D+41_NONE_NONE_NONE_NONE_54D+199_54D+199_54D+199_NONE
		4.2	0.006	146
		4.3	0.025	620
	NONE_NONE_NONE_NONE_NONE_87D+167_87D+167_87D+167_87D+167_NONE
		4.2	0.005	131
		4.3	0.005	140
		5.1	0.010	194
		5.2	0.012	135
		5.3	0.008	151
		6.1	0.017	507
		6.2	0.012	407
		6.3	0.013	443
		7.1	0.009	373
		7.2	0.008	280
		7.3	0.009	365
		8.1	0.006	124
		8.2	0.008	116
		8.3	0.007	166
		9.1	0.006	300
		9.2	0.007	318
		9.3	0.005	199
		10.1	0.008	168
		10.2	0.007	160
		10.3	0.008	216
		12.3	0.009	669
	3D+35_NONE_NONE_NONE_27D+143_27D+143_54D+199_54D+199_54D+199_NONE
		4.2	0.005	127
	NONE_NONE_NONE_NONE_53D+146_53D+146_53D+146_NONE_2I+254+CT_NONE
		4.2	0.005	123
	82D+36_82D+36_82D+36_82D+36_NONE_NONE_NONE_NONE_NONE_NONE
		4.3	0.011	278
	12D+34_50D+63_50D+63_NONE_1I+145+A_NONE_NONE_NONE_NONE_NONE
		4.3	0.009	229
	4D+32&6I+40+CCTATC_6D+59_NONE_NONE_1D+145_3D+169_59D+200_59D+200_59D+200_NONE
		4.3	0.006	152
	NONE_54D+65_54D+65_54D+65_NONE_NONE_NONE_35D+222_35D+222_NONE
		5.1	0.009	177
		5.2	0.010	110
		5.3	0.010	192
		6.1	0.014	436
		6.2	0.013	410
		6.3	0.012	410
		7.1	0.012	496
		7.2	0.011	381
		7.3	0.010	381
		8.1	0.017	323
		8.2	0.018	252
		8.3	0.014	323
		9.1	0.010	450
		9.2	0.009	425
		9.3	0.011	456
		10.1	0.007	154
		10.2	0.007	145
		10.3	0.009	258
	54D+36_54D+36_54D+36_NONE_NONE_NONE_NONE_NONE_1D+254_NONE
		5.2	0.007	80
		5.3	0.005	95
		6.1	0.010	301
		6.2	0.012	396
		6.3	0.010	338
		7.1	0.010	412
		7.2	0.011	390
		7.3	0.013	481
		8.1	0.017	320
		8.2	0.014	194
		8.3	0.010	252
		9.1	0.010	469
		9.2	0.006	303
		9.3	0.013	526
		10.1	0.006	131
		10.2	0.012	250
		10.3	0.011	296
		12.1	0.005	248
	NONE_NONE_NONE_NONE_NONE_89D+168_89D+168_89D+168_89D+168_NONE
		6.1	0.005	153
	54D+36_54D+36_54D+36_NONE_NONE_NONE_NONE_NONE_7D+244_NONE
		6.1	0.005	150
	NONE_NONE_NONE_81D+120_81D+120_81D+120_81D+120_NONE_NONE_NONE
		8.1	0.005	104
	54D+36_54D+36_54D+36_NONE_1I+145+A_NONE_NONE_NONE_NONE_NONE
		10.3	0.007	183
	3D+35_81D+61_81D+61_81D+61_81D+61_NONE_NONE_NONE_NONE_NONE
		11.1	0.005	157
		11.2	0.007	416
		11.3	0.010	268
	2D+36_81D+61_81D+61_81D+61_81D+61_1D+172_NONE_NONE_NONE_NONE
		11.2	0.008	498
	2I+36+GA_NONE_NONE_15D+111_72D+130_72D+130_72D+130_NONE_3D+251_NONE
		12.3	0.008	578
	NONE_81D+61_81D+61_81D+61_81D+61_NONE_NONE_NONE_NONE_NONE
		12.3	0.005	387
fish10
	NONE_NONE_NONE_NONE_NONE_NONE_NONE_NONE_NONE_NONE
		8.1	0.797	19947
		8.2	0.815	29525
		8.3	0.801	22279
		9.1	0.795	76205
		9.2	0.806	62199
		9.3	0.795	75753
		10.1	0.802	40870
		10.2	0.746	40067
		10.3	0.790	41196
	NONE_NONE_NONE_NONE_NONE_NONE_NONE_NONE_1D+254_NONE
		8.1	0.153	3839
		8.2	0.129	4700
		8.3	0.137	3820
		9.1	0.150	14438
		9.2	0.145	11225
		9.3	0.152	14559
		10.1	0.149	7595
		10.2	0.125	6745
		10.3	0.157	8224
	NONE_NONE_NONE_NONE_NONE_81D+170_81D+170_81D+170_81D+170_NONE
		8.1	0.007	183
		8.2	0.007	258
		8.3	0.014	393
		10.1	0.011	595
		10.2	0.008	448
		10.3	0.009	495
	18D+35_NONE_NONE_NONE_53D+146_53D+146_53D+146_NONE_10D+251_NONE
		8.2	0.006	220
	7D+36_NONE_NONE_NONE_NONE_NONE_61D+195_61D+195_61D+195_NONE
		8.2	0.005	204
	11I+38+TGGAGTATCAT_5S+60+CACAT_NONE_55D+118_55D+118_55D+118_1I+199+A_NONE_2D+248_NONE
		8.3	0.006	191
	87D+36_87D+36_87D+36_87D+36_NONE_1D+172_NONE_NONE_NONE_NONE
		10.2	0.041	2232
	87D+36_87D+36_87D+36_87D+36_NONE_NONE_NONE_NONE_NONE_NONE
		10.2	0.013	718
	17I+38+GTACATCGAGTGTATGC_28D+65_28D+65_NONE_NONE_NONE_54D+199_54D+199_54D+199_NONE
		10.2	0.010	538
	17I+38+GTACATCGAGTGTATGC_28D+65_28D+65_NONE_4D+141_NONE_54D+199_54D+199_54D+199_NONE
		10.2	0.007	384
	NONE_NONE_NONE_NONE_NONE_NONE_54D+199_54D+199_54D+199_NONE
		10.2	0.005	288
		10.3	0.005	273
fishctrl3
	NONE_NONE_NONE_NONE_NONE_NONE_NONE_NONE_NONE_NONE
		3.1	0.937	36707
		3.2	0.934	80882
		3.3	0.930	81572
		5.1	0.797	21206
		5.2	0.753	20767
		5.3	0.864	20444
		6.1	0.920	65932
		6.2	0.947	61682
		6.3	0.946	77287
		7.1	0.968	60974
		7.2	0.972	110947
		7.3	0.971	124126
		8.1	0.967	38664
		8.2	0.976	38443
		8.3	0.970	48728
		9.1	0.970	95728
		9.2	0.967	78740
		9.3	0.968	73143
		10.1	0.977	86528
		10.2	0.972	89510
		10.3	0.978	71687
	4D+38_15D+65_NONE_54D+119_54D+119_54D+119_NONE_NONE_NONE_NONE
		5.1	0.031	835
		5.2	0.029	816
		5.3	0.009	231
	NONE_NONE_NONE_NONE_NONE_81D+170_81D+170_81D+170_81D+170_NONE
		5.1	0.028	746
		5.2	0.041	1136
		5.3	0.018	434
	NONE_NONE_NONE_NONE_66D+133_66D+133_66D+133_NONE_1I+254+C_NONE
		5.1	0.010	279
	NONE_NONE_NONE_NONE_32D+136_NONE_55D+199_55D+199_55D+199_NONE
		5.1	0.007	207
		5.2	0.023	640
	5D+34_NONE_NONE_NONE_NONE_81D+170_81D+170_81D+170_81D+170_NONE
		5.1	0.006	175
	NONE_NONE_NONE_81D+119_81D+119_81D+119_81D+119_NONE_1D+254_NONE
		5.1	0.006	172
	2I+36+GA_NONE_NONE_15D+111_72D+130_72D+130_72D+130_NONE_3D+251_NONE
		5.1	0.006	170
		5.2	0.012	352
	8D+38_3I+61+TCA_NONE_2I+115+GA_NONE_3D+172_54D+199_54D+199_54D+199_NONE
		5.1	0.006	168
	NONE_NONE_NONE_NONE_1D+146_81D+170_81D+170_81D+170_81D+170_NONE
		5.1	0.005	153
	NONE_NONE_NONE_NONE_NONE_1D+172_54D+199_54D+199_54D+199_NONE
		5.2	0.014	406
	2I+37+GA_27D+51_NONE_3I+119+CCA_NONE_3D+169_54D+199_54D+199_54D+199_NONE
		5.2	0.008	247
	NONE_NONE_NONE_31D+105_3D+144_4I+169+CGTA&2D+174_9D+197_13D+212&1I+229+T_4D+250_NONE
		5.2	0.008	236
	NONE_NONE_NONE_NONE_53D+146_53D+146_53D+146_NONE_3I+250+AGT_NONE
		5.2	0.006	176
	NONE_NONE_NONE_81D+119_81D+119_81D+119_81D+119_NONE_1I+254+C_NONE
		5.2	0.005	139
	3D+35_3D+64_NONE_81D+119_81D+119_81D+119_81D+119_NONE_1I+254+C_NONE
		5.3	0.008	197
	87D+36_87D+36_87D+36_87D+36_NONE_1D+172_NONE_NONE_NONE_NONE
		5.3	0.005	125
	NONE_NONE_NONE_NONE_3D+144_83D+171_83D+171_83D+171_83D+171_NONE
		5.3	0.005	123
	3D+35_NONE_NONE_NONE_NONE_NONE_54D+199_54D+199_54D+199_NONE
		6.1	0.014	1034
	1D+38_NONE_NONE_NONE_NONE_NONE_NONE_NONE_NONE_NONE
		6.1	0.005	426
	8D+38_57D+60_57D+60_57D+60_NONE_3D+167_NONE_NONE_1I+254+C_NONE
		6.3	0.005	411
